Group,User
FS CO Finance Tax-Wokpapers M,RS Director of Risk Management
FS CO Finance Tax-Wokpapers M,RS Tax Manager
FS CO Finance Tax-Wokpapers M,RS Revenue Accounting Manager
FS CO Finance Tax-Wokpapers M,RS Sr Cost Accounting Manager
FS CO Finance Tax-Wokpapers M,RS General Accounting Supervisor
FS CO Finance Tax-Wokpapers M,RS CO Finance General Accounts Payable Supervisor
FS CO Finance Tax-Wokpapers M,RS CO Finance Staff Accountant 2
FS CO Finance Tax-Wokpapers M,RS CO Staff Accountant III
FS CO Finance Tax-Wokpapers M,RS CO Fixed Asset Accountant
FS CO Finance Tax-Wokpapers M,RS CO Finance Staff Accountant
FS CO Finance Tax-Wokpapers M,RS CO Finance Executive Assistant
FS CO Finance Tax-RelatedCompanies M,RS Director of Risk Management
FS CO Finance Tax-RelatedCompanies M,RS Tax Manager
FS CO Finance Tax-RelatedParties M,RS Director of Risk Management
FS CO Finance Tax-RelatedParties M,RS Tax Manager
FS CO Finance Tax-EstimatesandExtensions M,RS Director of Risk Management
FS CO Finance Tax-EstimatesandExtensions M,RS Tax Manager
FS CO Finance Tax-RDCreditCalculation M,RS Director of Risk Management
FS CO Finance Tax-RDCreditCalculation M,RS Tax Manager
FS CO Finance Tax-FederalReportingNotIncome M,RS Director of Risk Management
FS CO Finance Tax-FederalReportingNotIncome M,RS Tax Manager
FS CO Finance Tax-StateReportingNotIncomeOrSales M,RS Director of Risk Management
FS CO Finance Tax-StateReportingNotIncomeOrSales M,RS Tax Manager
FS CO Finance Tax-StateReportingNotIncomeOrSales M,RS CO Fixed Asset Accountant
FS CO Finance Tax-StateReportingNotIncomeOrSales M,RS CO Finance Staff Accountant
